[
  {
    "metadataOutputVersion" : "3.0",
    "storagePrecision" : "Float32",
    "outputSchema" : [
      {
        "hasShapeFlexibility" : "0",
        "isOptional" : "0",
        "dataType" : "Float32",
        "formattedType" : "MultiArray (Float32)",
        "shortDescription" : "",
        "shape" : "[]",
        "name" : "output",
        "type" : "MultiArray"
      }
    ],
    "version" : "42d3747f-d7d4-488a-b80d-b9fd27bf4594-barcode-detector-44.h5",
    "modelParameters" : [

    ],
    "specificationVersion" : 2,
    "computePrecision" : "Float16",
    "isUpdatable" : "0",
    "availability" : {
      "macOS" : "10.13.2",
      "tvOS" : "11.2",
      "watchOS" : "4.2",
      "iOS" : "11.2",
      "macCatalyst" : "11.2"
    },
    "modelType" : {
      "name" : "MLModelType_neuralNetwork"
    },
    "userDefinedMetadata" : {
      "model filename" : "barcode-detector-44.h5",
      "step" : "43",
      "com.github.apple.coremltools.version" : "4.0b4",
      "com.github.apple.coremltools.source" : "tensorflow==2.2.0",
      "experiment id" : "42d3747f-d7d4-488a-b80d-b9fd27bf4594",
      "keras summary" : "Model: \"model\"\n__________________________________________________________________________________________________\nLayer (type)                    Output Shape         Param #     Connected to                     \n==================================================================================================\ninput (InputLayer)              [(None, None, None,  0                                            \n__________________________________________________________________________________________________\nstage_1_1_conv (Conv2D)         (None, None, None, 1 144         input[0][0]                      \n__________________________________________________________________________________________________\nstage_1_1_bn (BatchNormalizatio (None, None, None, 1 64          stage_1_1_conv[0][0]             \n__________________________________________________________________________________________________\nstage_1_1_relu (ReLU)           (None, None, None, 1 0           stage_1_1_bn[0][0]               \n__________________________________________________________________________________________________\nstage_1_2_dw_conv (DepthwiseCon (None, None, None, 1 144         stage_1_1_relu[0][0]             \n__________________________________________________________________________________________________\nstage_1_2_dw_bn (BatchNormaliza (None, None, None, 1 64          stage_1_2_dw_conv[0][0]          \n__________________________________________________________________________________________________\nstage_1_2_pw_conv (Conv2D)      (None, None, None, 1 256         stage_1_2_dw_bn[0][0]            \n__________________________________________________________________________________________________\nstage_1_2_pw_bn (BatchNormaliza (None, None, None, 1 64          stage_1_2_pw_conv[0][0]          \n__________________________________________________________________________________________________\nstage_1_2_pw_relu (ReLU)        (None, None, None, 1 0           stage_1_2_pw_bn[0][0]            \n__________________________________________________________________________________________________\npool_1 (AveragePooling2D)       (None, None, None, 1 0           stage_1_2_pw_relu[0][0]          \n__________________________________________________________________________________________________\nstage_2_1_dw_conv (DepthwiseCon (None, None, None, 1 400         pool_1[0][0]                     \n__________________________________________________________________________________________________\nstage_2_1_dw_bn (BatchNormaliza (None, None, None, 1 64          stage_2_1_dw_conv[0][0]          \n__________________________________________________________________________________________________\nstage_2_1_pw_conv (Conv2D)      (None, None, None, 3 512         stage_2_1_dw_bn[0][0]            \n__________________________________________________________________________________________________\nstage_2_1_pw_bn (BatchNormaliza (None, None, None, 3 128         stage_2_1_pw_conv[0][0]          \n__________________________________________________________________________________________________\nstage_2_1_pw_relu (ReLU)        (None, None, None, 3 0           stage_2_1_pw_bn[0][0]            \n__________________________________________________________________________________________________\nstage_2_2_dw_conv (DepthwiseCon (None, None, None, 3 800         stage_2_1_pw_relu[0][0]          \n__________________________________________________________________________________________________\nstage_2_2_dw_bn (BatchNormaliza (None, None, None, 3 128         stage_2_2_dw_conv[0][0]          \n__________________________________________________________________________________________________\nstage_2_2_pw_conv (Conv2D)      (None, None, None, 3 1024        stage_2_2_dw_bn[0][0]            \n__________________________________________________________________________________________________\nstage_2_2_pw_bn (BatchNormaliza (None, None, None, 3 128         stage_2_2_pw_conv[0][0]          \n__________________________________________________________________________________________________\nstage_2_2_pw_relu (ReLU)        (None, None, None, 3 0           stage_2_2_pw_bn[0][0]            \n__________________________________________________________________________________________________\npool_2 (AveragePooling2D)       (None, None, None, 3 0           stage_2_2_pw_relu[0][0]          \n__________________________________________________________________________________________________\nstage_3_1_dw_conv (DepthwiseCon (None, None, None, 3 800         pool_2[0][0]                     \n__________________________________________________________________________________________________\nstage_3_1_dw_bn (BatchNormaliza (None, None, None, 3 128         stage_3_1_dw_conv[0][0]          \n__________________________________________________________________________________________________\nstage_3_1_pw_conv (Conv2D)      (None, None, None, 6 2048        stage_3_1_dw_bn[0][0]            \n__________________________________________________________________________________________________\nstage_3_1_pw_bn (BatchNormaliza (None, None, None, 6 256         stage_3_1_pw_conv[0][0]          \n__________________________________________________________________________________________________\nstage_3_1_pw_relu (ReLU)        (None, None, None, 6 0           stage_3_1_pw_bn[0][0]            \n__________________________________________________________________________________________________\nstage_3_2_dw_conv (DepthwiseCon (None, None, None, 6 1600        stage_3_1_pw_relu[0][0]          \n__________________________________________________________________________________________________\nstage_3_2_dw_bn (BatchNormaliza (None, None, None, 6 256         stage_3_2_dw_conv[0][0]          \n__________________________________________________________________________________________________\nstage_3_2_pw_conv (Conv2D)      (None, None, None, 6 4096        stage_3_2_dw_bn[0][0]            \n__________________________________________________________________________________________________\nstage_3_2_pw_bn (BatchNormaliza (None, None, None, 6 256         stage_3_2_pw_conv[0][0]          \n__________________________________________________________________________________________________\nstage_3_2_pw_relu (ReLU)        (None, None, None, 6 0           stage_3_2_pw_bn[0][0]            \n__________________________________________________________________________________________________\nstage_3_3_dw_conv (DepthwiseCon (None, None, None, 6 1600        stage_3_2_pw_relu[0][0]          \n__________________________________________________________________________________________________\nstage_3_3_dw_bn (BatchNormaliza (None, None, None, 6 256         stage_3_3_dw_conv[0][0]          \n__________________________________________________________________________________________________\nstage_3_3_pw_conv (Conv2D)      (None, None, None, 6 4096        stage_3_3_dw_bn[0][0]            \n__________________________________________________________________________________________________\nstage_3_3_pw_bn (BatchNormaliza (None, None, None, 6 256         stage_3_3_pw_conv[0][0]          \n__________________________________________________________________________________________________\nstage_3_3_pw_relu (ReLU)        (None, None, None, 6 0           stage_3_3_pw_bn[0][0]            \n__________________________________________________________________________________________________\nstage_3_4_dw_conv (DepthwiseCon (None, None, None, 6 1600        stage_3_3_pw_relu[0][0]          \n__________________________________________________________________________________________________\nstage_3_4_dw_bn (BatchNormaliza (None, None, None, 6 256         stage_3_4_dw_conv[0][0]          \n__________________________________________________________________________________________________\nstage_3_4_pw_conv (Conv2D)      (None, None, None, 6 4096        stage_3_4_dw_bn[0][0]            \n__________________________________________________________________________________________________\nstage_3_4_pw_bn (BatchNormaliza (None, None, None, 6 256         stage_3_4_pw_conv[0][0]          \n__________________________________________________________________________________________________\nstage_3_4_pw_relu (ReLU)        (None, None, None, 6 0           stage_3_4_pw_bn[0][0]            \n__________________________________________________________________________________________________\ndropout_1 (SpatialDropout2D)    (None, None, None, 6 0           stage_3_4_pw_relu[0][0]          \n__________________________________________________________________________________________________\nhead_dm_obj_conv (Conv2D)       (None, None, None, 1 64          dropout_1[0][0]                  \n__________________________________________________________________________________________________\nhead_dm_inv_conv (Conv2D)       (None, None, None, 1 64          dropout_1[0][0]                  \n__________________________________________________________________________________________________\nhead_qr_obj_conv (Conv2D)       (None, None, None, 1 64          dropout_1[0][0]                  \n__________________________________________________________________________________________________\nhead_qr_inv_conv (Conv2D)       (None, None, None, 1 64          dropout_1[0][0]                  \n__________________________________________________________________________________________________\nhead_pdf_obj_conv (Conv2D)      (None, None, None, 2 128         dropout_1[0][0]                  \n__________________________________________________________________________________________________\nhead_pdf_inv_conv (Conv2D)      (None, None, None, 1 64          dropout_1[0][0]                  \n__________________________________________________________________________________________________\nhead_1d_obj_conv (Conv2D)       (None, None, None, 1 64          dropout_1[0][0]                  \n__________________________________________________________________________________________________\nhead_azt_obj_conv (Conv2D)      (None, None, None, 1 64          dropout_1[0][0]                  \n__________________________________________________________________________________________________\nhead_azt_inv_conv (Conv2D)      (None, None, None, 1 64          dropout_1[0][0]                  \n__________________________________________________________________________________________________\nhead_dm_obj_bn (BatchNormalizat (None, None, None, 1 4           head_dm_obj_conv[0][0]           \n__________________________________________________________________________________________________\nhead_dm_bitu_conv (Conv2D)      (None, None, None, 4 256         dropout_1[0][0]                  \n__________________________________________________________________________________________________\nhead_dm_inv_bn (BatchNormalizat (None, None, None, 1 4           head_dm_inv_conv[0][0]           \n__________________________________________________________________________________________________\nhead_qr_obj_bn (BatchNormalizat (None, None, None, 1 4           head_qr_obj_conv[0][0]           \n__________________________________________________________________________________________________\nhead_qr_bitu_conv (Conv2D)      (None, None, None, 4 256         dropout_1[0][0]                  \n__________________________________________________________________________________________________\nhead_qr_inv_bn (BatchNormalizat (None, None, None, 1 4           head_qr_inv_conv[0][0]           \n__________________________________________________________________________________________________\nhead_pdf_obj_bn (BatchNormaliza (None, None, None, 2 8           head_pdf_obj_conv[0][0]          \n__________________________________________________________________________________________________\nhead_pdf_bitu_conv (Conv2D)     (None, None, None, 4 256         dropout_1[0][0]                  \n__________________________________________________________________________________________________\nhead_pdf_inv_bn (BatchNormaliza (None, None, None, 1 4           head_pdf_inv_conv[0][0]          \n__________________________________________________________________________________________________\nhead_1d_obj_bn (BatchNormalizat (None, None, None, 1 4           head_1d_obj_conv[0][0]           \n__________________________________________________________________________________________________\nhead_1d_bitu_conv (Conv2D)      (None, None, None, 2 128         dropout_1[0][0]                  \n__________________________________________________________________________________________________\nhead_azt_obj_bn (BatchNormaliza (None, None, None, 1 4           head_azt_obj_conv[0][0]          \n__________________________________________________________________________________________________\nhead_azt_bitu_conv (Conv2D)     (None, None, None, 4 256         dropout_1[0][0]                  \n__________________________________________________________________________________________________\nhead_azt_inv_bn (BatchNormaliza (None, None, None, 1 4           head_azt_inv_conv[0][0]          \n__________________________________________________________________________________________________\nhead_dm_obj_sigmoid (Activation (None, None, None, 1 0           head_dm_obj_bn[0][0]             \n__________________________________________________________________________________________________\nhead_dm_bitu_bn (BatchNormaliza (None, None, None, 4 16          head_dm_bitu_conv[0][0]          \n__________________________________________________________________________________________________\nhead_dm_inv_sigmoid (Activation (None, None, None, 1 0           head_dm_inv_bn[0][0]             \n__________________________________________________________________________________________________\nhead_qr_obj_sigmoid (Activation (None, None, None, 1 0           head_qr_obj_bn[0][0]             \n__________________________________________________________________________________________________\nhead_qr_bitu_bn (BatchNormaliza (None, None, None, 4 16          head_qr_bitu_conv[0][0]          \n__________________________________________________________________________________________________\nhead_qr_inv_sigmoid (Activation (None, None, None, 1 0           head_qr_inv_bn[0][0]             \n__________________________________________________________________________________________________\nhead_pdf_obj_sigmoid (Activatio (None, None, None, 2 0           head_pdf_obj_bn[0][0]            \n__________________________________________________________________________________________________\nhead_pdf_bitu_bn (BatchNormaliz (None, None, None, 4 16          head_pdf_bitu_conv[0][0]         \n__________________________________________________________________________________________________\nhead_pdf_inv_sigmoid (Activatio (None, None, None, 1 0           head_pdf_inv_bn[0][0]            \n__________________________________________________________________________________________________\nhead_1d_obj_sigmoid (Activation (None, None, None, 1 0           head_1d_obj_bn[0][0]             \n__________________________________________________________________________________________________\nhead_1d_bitu_bn (BatchNormaliza (None, None, None, 2 8           head_1d_bitu_conv[0][0]          \n__________________________________________________________________________________________________\nhead_azt_obj_sigmoid (Activatio (None, None, None, 1 0           head_azt_obj_bn[0][0]            \n__________________________________________________________________________________________________\nhead_azt_bitu_bn (BatchNormaliz (None, None, None, 4 16          head_azt_bitu_conv[0][0]         \n__________________________________________________________________________________________________\nhead_azt_inv_sigmoid (Activatio (None, None, None, 1 0           head_azt_inv_bn[0][0]            \n__________________________________________________________________________________________________\noutput (Concatenate)            (None, None, None, 2 0           head_dm_obj_sigmoid[0][0]        \n                                                                 head_dm_bitu_bn[0][0]            \n                                                                 head_dm_inv_sigmoid[0][0]        \n                                                                 head_qr_obj_sigmoid[0][0]        \n                                                                 head_qr_bitu_bn[0][0]            \n                                                                 head_qr_inv_sigmoid[0][0]        \n                                                                 head_pdf_obj_sigmoid[0][0]       \n                                                                 head_pdf_bitu_bn[0][0]           \n                                                                 head_pdf_inv_sigmoid[0][0]       \n                                                                 head_1d_obj_sigmoid[0][0]        \n                                                                 head_1d_bitu_bn[0][0]            \n                                                                 head_azt_obj_sigmoid[0][0]       \n                                                                 head_azt_bitu_bn[0][0]           \n                                                                 head_azt_inv_sigmoid[0][0]       \n==================================================================================================\nTotal params: 27,680\nTrainable params: 26,344\nNon-trainable params: 1,336\n__________________________________________________________________________________________________"
    },
    "inputSchema" : [
      {
        "dataType" : "Float32",
        "hasShapeFlexibility" : "1",
        "isOptional" : "0",
        "shapeFlexibility" : "1 × 1 × 1 × 8... × 8...",
        "shapeRange" : "[[1, 1], [1, 1], [1, 1], [8, -1], [8, -1]]",
        "formattedType" : "MultiArray (Float32 1 × 1 × 1 × 8 × 8)",
        "type" : "MultiArray",
        "shape" : "[1, 1, 1, 8, 8]",
        "name" : "input",
        "shortDescription" : ""
      }
    ],
    "generatedClassName" : "BarcodeDetectorModel",
    "neuralNetworkLayerTypeHistogram" : {
      "PoolingAverage" : 2,
      "Convolution" : 29,
      "ActivationSigmoid" : 9,
      "BatchNorm" : 29,
      "ActivationReLU" : 8,
      "Concat" : 1
    },
    "method" : "predict"
  }
]