{
    "acceptedDocumentFormats": [],
    "autoCancelTimeout": 0,
    "barcodeFormats": [],
    "barcodesCountText": "%d codes",
    "barcodesCountTextColor": "#FFFFFF80",
    "cameraModule": "BACK",
    "cameraOverlayColor": "#00000080",
    "cameraPreviewMode": "FILL_IN",
    "cameraZoomFactor": 0.0,
    "cancelButtonHidden": false,
    "cancelButtonTitle": "Cancel",
    "clearButtonTitle": "Clear",
    "codeDensity": "LOW",
    "detailsActionColor": "#F7CE46",
    "detailsBackgroundColor": "#000000",
    "detailsPrimaryColor": "#FFFFFF",
    "engineMode": "NEXT_GEN",
    "fetchingStateText": "Fetching...",
    "finderAspectRatio": {
        "height": 1,
        "width": 1
    },
    "finderLineColor": "#FFFFFF",
    "finderLineWidth": 2,
    "finderTextHint": "Please align the barcode or QR code in the frame to scan it.",
    "finderTextHintColor": "#FFFFFF",
    "flashButtonHidden": false,
    "flashButtonTitle": "",
    "flashEnabled": false,
    "gs1DecodingEnabled": true,
    "initialScanDelay": 0,
    "lowPowerMode": false,
    "maximumTextLength": 0,
    "minimum1DBarcodesQuietZone": 10,
    "minimumTextLength": 0,
    "msiPlesseyChecksumAlgorithm": "Mod10",
    "noBarcodesTitle": "No barcodes",
    "orientationLockMode": "NONE",
    "overlayConfiguration": {
        "highlightedPolygonColor": "#C8193CCC",
        "highlightedTextColor": "#FFFFFF",
        "highlightedTextContainerColor": "#C8193CCC",
        "overlayEnabled": false,
        "polygonColor": "00CFA6CC",
        "textColor": "#000000",
        "textContainerColor": "#00CFA6CC"
    },
    "replaceCancelButtonWithIcon": false,
    "screen": "BatchBarcodeScanner",
    "stripCheckDigits": false,
    "submitButtonTitle": "View Results",
    "successBeepEnabled": true,
    "topBarBackgroundColor": "#000000",
    "topBarButtonsColor": "#F7CE46",
    "topBarButtonsInactiveColor": "#FFFFFF",
    "useButtonsAllCaps": true,
    "version": "1.0"
}