{
    "accessibilityConfiguration": {
        "cancelButtonAccessibilityHint": "Dismisses the screen",
        "cancelButtonAccessibilityLabel": "Cancel button",
        "detectButtonAccessibilityHint": "Automatically detect the polygon",
        "detectButtonAccessibilityLabel": "Detect the polygon",
        "doneButtonAccessibilityHint": "Finish the flow",
        "doneButtonAccessibilityLabel": "Done button",
        "resetButtonAccessibilityHint": "Discard the current polygon",
        "resetButtonAccessibilityLabel": "Reset the polygon",
        "rotateButtonAccessibilityHint": "Rotate the image clockwise",
        "rotateButtonAccessibilityLabel": "Rotate"
    },
    "anchorPointsColor": "#FFFFFF00",
    "backgroundColor": "#000000",
    "bottomBarBackgroundColor": "#000000",
    "bottomBarButtonsColor": "#F7CE46",
    "cancelButtonTitle": "Cancel",
    "detectButtonTitle": "Detect",
    "detectResetButtonHidden": false,
    "doneButtonTitle": "Done",
    "hintTitle": "",
    "hintTitleColor": "#FF00004D",
    "orientationLockMode": "NONE",
    "polygonColor": "#FF00004D",
    "polygonColorMagnetic": "#00CEA6",
    "polygonLineWidth": 3.0,
    "resetButtonTitle": "Reset",
    "rotateButtonHidden": false,
    "rotateButtonTitle": "Rotate",
    "screen": "Cropping",
    "swapTopBottomButtons": false,
    "topBarBackgroundColor": "#000000",
    "topBarButtonsActiveColor": "#F7CE46",
    "useButtonsAllCaps": true,
    "version": "1.0"
}