{
    "acceptedAngleScore": 75.0,
    "acceptedSizeScore": 80.0,
    "accessibilityConfiguration": {
        "autoSnappingButtonAccessibilityHint": "Turns auto scanning on or off",
        "autoSnappingButtonAccessibilityLabel": "Auto scan",
        "cancelButtonAccessibilityHint": "Dismisses the screen",
        "cancelButtonAccessibilityLabel": "Cancel",
        "flashButtonAccessibilityHint": "Turns the flashlight on or off",
        "flashButtonAccessibilityLabel": "Flash",
        "multiPageButtonAccessibilityHint": "Turns multi page scanning on or off",
        "multiPageButtonAccessibilityLabel": "Multi page scanning",
        "pageCounterAccessibilityHint": "Dismisses the screen and shows the result",
        "pageCounterButtonAccessibilityLabel": "%d photos",
        "shutterButtonAccessibilityHint": "Makes a scan",
        "shutterButtonAccessibilityLabel": "Shutter release"
    },
    "autoSnappingButtonHidden": false,
    "autoSnappingButtonTitle": "Auto",
    "autoSnappingEnabled": true,
    "autoSnappingSensitivity": 0.66,
    "bottomBarBackgroundColor": "#000000",
    "bottomBarButtonsColor": "#F7CE46",
    "cameraBackgroundColor": "#000000",
    "cameraModule": "BACK",
    "cameraPreviewMode": "FILL_IN",
    "cancelButtonHidden": false,
    "cancelButtonTitle": "Cancel",
    "documentImageSizeLimit": {
        "height": 0,
        "width": 0
    },
    "enableCameraButtonTitle": "Enable camera",
    "enableCameraExplanationText": "Please enable the camera permission to start scanning.",
    "flashButtonHidden": false,
    "flashButtonTitle": "Flash",
    "flashEnabled": false,
    "forceUserGuidance": false,
    "ignoreBadAspectRatio": false,
    "imageScale": 1,
    "maxNumberOfPages": null,
    "multiPageButtonHidden": false,
    "multiPageButtonTitle": "Multi-Page",
    "multiPageEnabled": false,
    "orientationLockMode": "NONE",
    "pageCounterButtonTitle": "%d photos",
    "polygonAutoSnapProgressColor": "#87F2DE",
    "polygonAutoSnapProgressEnabled": true,
    "polygonAutoSnapProgressLineWidth": 5.0,
    "polygonBackgroundColor": "#FFFFFF00",
    "polygonBackgroundColorOK": "#FFFFFF00",
    "polygonColor": "#FF00004D",
    "polygonColorOK": "#00CEA6",
    "polygonCornerRadius": 8.0,
    "polygonLineWidth": 3.0,
    "screen": "DocumentScanner",
    "shutterButtonAutoInnerColor": "#FFFFFF00",
    "shutterButtonAutoOuterColor": "#FFFFFF",
    "shutterButtonHidden": false,
    "shutterButtonIndicatorColor": "#FFFFFF80",
    "shutterButtonManualInnerColor": "#FFFFFF00",
    "shutterButtonManualOuterColor": "#FFFFFF",
    "textHintBadAngles": "Turn your device to\nhave a more rectangular outline.",
    "textHintBadAspectRatio": "Wrong aspect ratio. Rotate your device.",
    "textHintEnergySavingActive": "Energy saving active.\nMove your device.",
    "textHintNothingDetected": "Searching for document...",
    "textHintOK": "Don't move. Capturing document...",
    "textHintTooDark": "Poor light!\nSearching for document...",
    "textHintTooNoisy": "Background too noisy!\nSearching for document...",
    "textHintTooSmall": "Move closer.",
    "topBarBackgroundColor": "#000000",
    "topBarButtonsActiveColor": "#F7CE46",
    "topBarButtonsInactiveColor": "#FFFFFF",
    "useButtonsAllCaps": true,
    "userGuidanceBackgroundColor": "#00CEA6",
    "userGuidanceFontSize": 17.0,
    "userGuidanceTextColor": "#FFFFFF",
    "version": "1.0"
}