{
    "cameraModule": "BACK",
    "cameraOverlayColor": "#00000080",
    "cameraPreviewMode": "FILL_IN",
    "cancelButtonTitle": "Cancel",
    "detectionStatusFailedDetectionText": "Please align the back side of the card in the frame to scan it.",
    "detectionStatusFailedValidationText": "Card found, please wait...",
    "detectionStatusSuccessText": "Card recognized",
    "enableCameraButtonTitle": "Enable camera",
    "enableCameraExplanationText": "Please enable the camera permission to start scanning.",
    "finderLineColor": "#FFFFFF",
    "finderLineWidth": 2,
    "finderTextHint": "Please align the back side of the card in the frame to scan it.",
    "finderTextHintColor": "#FFFFFF",
    "flashButtonHidden": false,
    "flashButtonTitle": "",
    "flashEnabled": false,
    "orientationLockMode": "NONE",
    "replaceCancelButtonWithIcon": false,
    "screen": "HealthInsuranceCardScanner",
    "topBarBackgroundColor": "#000000",
    "topBarButtonsActiveColor": "#F7CE46",
    "topBarButtonsInactiveColor": "#FFFFFF",
    "useButtonsAllCaps": true,
    "version": "1.0"
}