{
    "cameraModule": "BACK",
    "cameraOverlayColor": "#00000080",
    "cameraPreviewMode": "FILL_IN",
    "cancelButtonTitle": "Cancel",
    "confirmationDialogAccentColor": "#000000",
    "confirmationDialogConfirmButtonFilled": false,
    "confirmationDialogConfirmButtonFilledTextColor": "#FFFFFF",
    "confirmationDialogConfirmButtonTitle": "Confirm",
    "confirmationDialogMessage": "Please confirm the scanned plate.",
    "confirmationDialogRetryButtonTitle": "Retry",
    "confirmationDialogTitle": "Plate Number",
    "enableCameraButtonTitle": "Enable camera",
    "enableCameraExplanationText": "Please enable the camera permission to start scanning.",
    "finderLineColor": "#FFFFFF",
    "finderLineWidth": 2,
    "finderTextHint": "Please hold the device parallel to the license plate to start scanning",
    "finderTextHintColor": "#FFFFFF",
    "flashButtonHidden": false,
    "flashButtonTitle": "",
    "flashEnabled": false,
    "maximumNumberOfAccumulatedFrames": 3,
    "minNumberOfRequiredFramesWithEqualRecognitionResult": 2,
    "orientationLockMode": "NONE",
    "replaceCancelButtonWithIcon": false,
    "scanStrategy": "MlBased",
    "screen": "LicensePlateScanner",
    "significantShakeDelay": -1,
    "topBarBackgroundColor": "#000000",
    "topBarButtonsActiveColor": "#F7CE46",
    "topBarButtonsInactiveColor": "#FFFFFF",
    "useButtonsAllCaps": true,
    "version": "1.0"
}