{
    "cameraModule": "BACK",
    "cameraOverlayColor": "#00000080",
    "cameraPreviewMode": "FILL_IN",
    "cancelButtonTitle": "Cancel",
    "enableCameraButtonTitle": "Enable camera",
    "enableCameraExplanationText": "Please enable the camera permission to start scanning.",
    "errorDialogAccentColor": "#000000",
    "errorDialogMessage": "The recognition of a medical certificate on the captured photo failed. Please try again.",
    "errorDialogOkButton": "OK",
    "errorDialogOkButtonFilled": false,
    "errorDialogOkButtonFilledTextColor": "#FFFFFF",
    "errorDialogTitle": "Sorry",
    "finderLineColor": "#00CEA6",
    "finderLineWidth": 2.0,
    "flashButtonHidden": false,
    "flashButtonTitle": "",
    "flashEnabled": false,
    "orientationLockMode": "NONE",
    "recognizePatientInfo": true,
    "returnCroppedDocumentImage": true,
    "screen": "MedicalCertificateRecognizer",
    "showFinderOverlay": true,
    "topBarBackgroundColor": "#000000",
    "topBarButtonsActiveColor": "#F7CE46",
    "topBarButtonsInactiveColor": "#FFFFFF",
    "useButtonsAllCaps": true,
    "userGuidanceBackgroundColor": "#00CEA6A8",
    "userGuidanceStrings": {
        "capturing": "Capturing photo...",
        "energySaving": "Energy saving active.\nPlease move the device.",
        "processing": "Recognizing medical certificate...",
        "scanning": "Searching for medical certificate...",
        "startScanning": "Make sure the medical certificate\nis completely visible on your screen!"
    },
    "userGuidanceTextColor": "#FFFFFF",
    "version": "1.0"
}