{
    "authenticationErrorTitle": "Authentication error. Please try again",
    "cameraModule": "BACK",
    "cameraOverlayColor": "#00000080",
    "cameraPreviewMode": "FILL_IN",
    "cancelButtonTitle": "Cancel",
    "chipDisabledErrorTitle": "Oops! Your device does not support NFC tag reading",
    "downloadErrorTitle": "The data could not be downloaded.\nPlease try again",
    "downloadingDataTitle": "Please wait... Your data is being downloaded",
    "enableCameraButtonTitle": "Enable camera",
    "enableCameraExplanationText": "Please enable the camera permission to start scanning.",
    "finderLineColor": "#FFFFFF",
    "finderLineWidth": 2.0,
    "finderTextHint": "Please hold the device over the passport to start scanning",
    "finderTextHintColor": "#FFFFFF",
    "flashButtonHidden": false,
    "flashButtonTitle": "",
    "flashEnabled": false,
    "holdOverTheChipTitle": "Please open your passport and hold the device against it to start downloading data",
    "noChipErrorTitle": "Oops! Your device does not support NFC tag reading",
    "orientationLockMode": "NONE",
    "progressBarColor": "#00CEA6",
    "replaceCancelButtonWithIcon": false,
    "retryButtonTitle": "Retry",
    "scanPassportTitle": "Scan a passport",
    "screen": "NfcScanner",
    "successBeepEnabled": true,
    "topBarBackgroundColor": "#000000",
    "topBarButtonsActiveColor": "#F7CE46",
    "topBarButtonsInactiveColor": "#FFFFFF",
    "useButtonsAllCaps": true,
    "version": "1.0"
}